,Title,Flair,Score of Post,ID,URL,TimeStamp,Message body,#Comments,SubReddit
0,UPVOTE so everyone sees we got SUPPORT,News,279602,l6wu59,https://i.redd.it/sgoqy8nyt2e61.png,1611841234.0,,12132,wallstreetbets
1,"Used some of my GME tendies to buy Nintendo Switches from Gamestop, then donated them to a Children's Hospital. Got featured on the local news and brought glory to WSB.",News,200841,l8c0u4,https://www.nbcdfw.com/news/local/north-texas-investor-uses-gamestop-gains-help-sick-children/2537134/,1611975220.0,,7233,wallstreetbets
2,"It runs very deep, my friends.",News,175432,l79x17,https://i.redd.it/b8zy92sy85e61.jpg,1611870475.0,,2901,wallstreetbets
3,AOC got our backs,News,171921,l6fg8q,https://i.redd.it/3v5c5quc5yd61.png,1611784522.0,,5541,wallstreetbets
4,Iâ€™m so proud of you all.,News,168288,l79jko,https://i.redd.it/ykiux57d65e61.jpg,1611869601.0,,2571,wallstreetbets
5,In honor of finally seeing the almighty u/deepfuckingvalue. We must now do our part in having him written in the history books as the greatest that WallStreetBets has ever seen.,News,164364,l7z8pf,https://i.redd.it/2a8b56my8be61.jpg,1611943114.0,,3886,wallstreetbets
6,Congress might do something for once,News,163577,l7c6kb,https://i.redd.it/3lo7rt55p5e61.jpg,1611875915.0,,7003,wallstreetbets
7,"WE HAVE MORE POWER THAN ANYONE AMC GME ðŸš€ðŸš€ðŸš€ðŸš€ðŸš€ðŸš€ on Monday, we have musks, Chamaths, Cubans, Portnoys, and politicians supports like AOC and Cruz etc",News,156826,l8s98l,https://i.redd.it/tv61zizjkie61.jpg,1612031762.0,,8667,wallstreetbets
8,"Not sure if anyone posted this here, but yikes",News,153720,l7bh1m,https://i.redd.it/76bcnhs2k5e61.jpg,1611874211.0,,6043,wallstreetbets
9,Our favourite analyst. ðŸš€ðŸš€ðŸ™ŒðŸ’ŽðŸŒ•,News,144975,l8tw56,https://i.redd.it/djm50uj2xie61.jpg,1612035971.0,,4227,wallstreetbets
10,Mic drop,News,143820,l7aj2e,https://i.redd.it/ozzh6wv9d5e61.jpg,1611871924.0,,1939,wallstreetbets
11,"WSB PIONEER. FEARLESS BAG HOLDER. BETTER THAN DIAMOND HANDS. RICHER THAN YOUR WIFEâ€™S BOYFRIENDâ€™S UNCLE. YES, THIS IS NONE OTHER THAN DEEPFUCKINGVALUE HIMSELF.",News,143152,l7weuu,https://i.redd.it/qdi8ldgrpae61.jpg,1611936659.0,,6134,wallstreetbets
12,We are all the way up,News,141136,l7dg1g,https://v.redd.it/jj0wn3cfy5e61,1611879053.0,,2083,wallstreetbets
13,If I can hold at -$10MM then you can hold too. ðŸ’ŽðŸ™Œ,Loss,139901,l70vmz,https://i.redd.it/e2ra46rsk3e61.jpg,1611850284.0,,7346,wallstreetbets
14,Robinhood will not let new options or shares be bought apparently. This is market manipulation lol,News,138089,l6w4uo,https://i.redd.it/vboawqu6o2e61.jpg,1611839274.0,,15985,wallstreetbets
15,PREACH,News,135681,l6b69k,https://i.redd.it/5tcc1yym4xd61.jpg,1611772166.0,,2337,wallstreetbets
16,First of many lawsuits I hope ðŸ¤žðŸ» out of this bullshit!!!! #DownWithTheHOOD,News,133204,l73giz,https://i.redd.it/082ihpop04e61.jpg,1611855593.0,,5377,wallstreetbets
17,"Billboard in Oklahoma City, OK! If someone can rent out a billboard for GME you can hold your shares!!! ðŸ’Ž ðŸ–!!!! (Left watermark for credit)",News,130411,l8hsjd,https://i.redd.it/05ow7o3dqfe61.jpg,1611997395.0,,3315,wallstreetbets
18,Charles Payne gets it!,News,128041,l70rzy,https://i.redd.it/1uii0mb9k3e61.jpg,1611850059.0,,1058,wallstreetbets
19,Honor to Diamond Hands.,News,127150,l81fgb,https://i.redd.it/xaaphlp7nbe61.png,1611948006.0,,2699,wallstreetbets
20,"I can now write my mom a check and put my sister through lymes treatment. This has been a very rough year, but Iâ€™m so thankful for every single one of you.",Gain,122757,l6617c,https://i.redd.it/33k0b2ow1wd61.jpg,1611759139.0,,5079,wallstreetbets
21,You know something is about to go down when most members of Congress are United over Wall Street trying to fuck us.,News,122091,l77lgx,https://i.redd.it/j62vcq6gt4e61.jpg,1611865257.0,,2917,wallstreetbets
22,Oops,News,118512,l6z1yp,https://i.redd.it/0gnr4u6193e61.png,1611846400.0,,1101,wallstreetbets
23,"BREAKING: SEC reviewing recent trading volatility amid GameStop frenzy, vows to protect â€˜retail investorsâ€™",News,114667,l7tu52,https://www.cnbc.com/2021/01/29/sec-reviewing-recent-trading-volatility-amid-gamestop-frenzy-vows-to-protect-retail-investors.html,1611930532.0,,6406,wallstreetbets
24,"Huge shoutout to Kevin O'Leary: ""Definition of the market is speculation. If you are short you know run a new risk that these effective social media vigilantes are going to come after you and squeeze you and its good because it will make a lot of hedge funds think for a second time before shorting.""",News,113833,l89alf,https://i.redd.it/yfqegtw58de61.png,1611967076.0,,3524,wallstreetbets
25,"Cool, but why would they bother telling us?",News,112397,l8xsfa,https://i.redd.it/d59d324psje61.jpg,1612046608.0,,7329,wallstreetbets
26,RASHIDA IS WITH US,News,111692,l6z3e5,https://i.redd.it/90zbvwzk93e61.png,1611846482.0,,4058,wallstreetbets
27,The Hero we need right now : FUCK ROBINHOOD!,News,110859,l6wr6s,https://i.redd.it/caa8mpqdt2e61.jpg,1611841020.0,,3663,wallstreetbets
28,"Give them nothing, but take from them everything",News,107274,l78duc,https://i.redd.it/ijenw1bmy4e61.jpg,1611866995.0,,2869,wallstreetbets
29,"You heard him, HOLD! We can take $11.2 BILLION more away from them. Keep those diamond hands and let's send this thing to Alpha Centauri ðŸš€ðŸš€ðŸš€",News,107106,l7zqdy,https://i.redd.it/28nwnyd6cbe61.jpg,1611944196.0,,5165,wallstreetbets
30,"THIS GUY IS FLYING A BANNER SAYING ""SUCK MY NUTS ROBINHOOD""",News,107018,l8rlyx,https://www.reddit.com/gallery/l8rlyx,1612030096.0,,1872,wallstreetbets
31,Justin Sun (Asian billionaire) has our back and is joining in.,News,106545,l7q26x,https://i.redd.it/8olsjgun89e61.jpg,1611918801.0,,4258,wallstreetbets
32,CNBC now running Ads promoting that Melvin Capital closed their short positions on $GME,News,105444,l8539h,https://i.redd.it/8vxraurkcce61.png,1611956443.0,,7633,wallstreetbets
33,"JOSH SHAPIRO, Attorney General of Pennsylvania, is showing his support on Twitter!!!! ðŸš€ðŸš€",News,99054,l7b321,https://i.redd.it/3hbf2bqbh5e61.jpg,1611873287.0,,1106,wallstreetbets
34,Doing my part! Just bought a billboard to run all next week on I-35 between Austin and Dallas!,News,98448,l8ky8k,https://i.redd.it/grhwc24ttge61.png,1612010660.0,,3525,wallstreetbets
35,CNBC Gives Billionaires A Pass But Calls For Regulation When The Little Guy Makes Money,News,96731,l68xm1,https://i.redd.it/lrxfqnreowd61.png,1611766724.0,,2762,wallstreetbets
36,"HOORAY FOR CHARLES PAYNE! â€œThe shorts have had their way with the market for decades, and no one has ever complained about it, so i am thrilled, that individual investors are playing the same game, and now you (big hedge funds) are losingâ€ - Charles Payne.",News,95173,l6popa,https://i.redd.it/nhc2rhacl0e61.jpg,1611814102.0,,2149,wallstreetbets
37,Apparently itâ€™s only ok when the 1% do it.,News,95122,l79p8w,https://i.redd.it/nu8a03pg75e61.jpg,1611869970.0,,1113,wallstreetbets
38,This is us 2030,News,92742,l6faq4,https://i.redd.it/31a76gy74yd61.jpg,1611784132.0,,1560,wallstreetbets
39,This is just market manipulation,News,92469,l74kzr,https://i.redd.it/7idzskf0a4e61.png,1611858735.0,,1347,wallstreetbets
40,"Ethan Klein (h3h3 podcast) joins the battle, this is really some Avengers level stuff",News,90931,l7oq0j,https://i.redd.it/l4n7bnp0u8e61.jpg,1611913876.0,,2132,wallstreetbets
41,First AOC and now Ben Shapiro? This is true unity.,News,86396,l6zmxb,https://i.redd.it/ai10opxxc3e61.jpg,1611847598.0,,1925,wallstreetbets
42,Vlad got impaled,News,86019,l7dt3n,https://i.redd.it/cml1r5f716e61.jpg,1611879979.0,,2789,wallstreetbets
43,Donâ€™t be scared by the drop in $BB $GME etc. Hedge Funds trade after hours to scare yâ€™all off... KEEP BUYING AND HOLDING ðŸš€ðŸš€,News,85973,l6sttu,https://i.redd.it/a0to0qe4n1e61.jpg,1611826808.0,,4595,wallstreetbets
44,"Whistleblowers are coming out, itâ€™s happening man.",News,85829,l77qhk,https://i.redd.it/cdhi2aibu4e61.jpg,1611865559.0,,1972,wallstreetbets
45,LET THE PEOPLE TRADE!,News,85736,l73jxk,https://i.redd.it/rqmammg914e61.jpg,1611855803.0,,1647,wallstreetbets
46,Robinhood staff unhappy about the trading hault were paid off... With a $40 Doordash credit lmfao.,News,85038,l7y5ka,https://i.redd.it/kd81m6d91be61.jpg,1611940645.0,,2395,wallstreetbets
47,Ja Rule: Hold the line!,News,83644,l6zmc6,https://i.redd.it/lzt0x55uc3e61.jpg,1611847563.0,,1362,wallstreetbets
48,Honorary WSB Autist award goes to Chamath Palihapitiya! He is out here defending us retail investors and calling out hedge funds for their manipulation and bullshit practices that have left retail holding the bag for YEARS. GME goingðŸš€ðŸš€ðŸš€ðŸš€ðŸš€ðŸš€,News,82750,l69jz5,https://i.redd.it/rty35qamswd61.png,1611768192.0,,2785,wallstreetbets
49,Big boys are rooting for us. This is far from over so FUCKING HOLD,News,81554,l6yey9,https://i.redd.it/1wuwn6bj53e61.jpg,1611845109.0,,1824,wallstreetbets
50,Jon Stewart just joined twitter and he likes the stock!,News,80820,l7a9m0,https://i.redd.it/jelkylebb5e61.png,1611871298.0,,788,wallstreetbets
51,DFV(u/DeepFuckingValue) Just Got A Shoutout From Our Favorite Analyst,News,79027,l6a5z5,https://i.redd.it/1a2iywo7xwd61.png,1611769673.0,,898,wallstreetbets
52,AOC Turning into Dave Portnoy ðŸš€,News,77488,l75mep,https://i.redd.it/7i4e7x4vg4e61.jpg,1611861024.0,,2744,wallstreetbets
53,I find myself in a position to pay for a service that I hope I never need to use - $5000 Donation to Children's Hospital,Gain,76705,l8rd1n,https://i.redd.it/lwh27absdie61.jpg,1612029501.0,,1383,wallstreetbets
54,MARC CUBAN SUPPORTS WSB! ðŸš€ðŸš€ðŸš€,News,75157,l6w42a,https://i.redd.it/qg7j9hfyn2e61.png,1611839209.0,,667,wallstreetbets
55,How to Buy GME Above Broker Limits,News,75035,l82y7u,https://www.reddit.com/r/wallstreetbets/comments/l82y7u/how_to_buy_gme_above_broker_limits/,1611951445.0,"How to Buy GME etc [Loophole]

Robinhood and other shitty brokerages are allowing us to buy 2, 5, or very low numbers of GME. However, they are allowing option contracts.

Hereâ€™s a trick that will work.

1) Go to next nearest option expiration (Feb 5 as of today).
2) Scroll all the way down the call list.
3) Buy GME call option with the lowest +x.xx% (0% would be no premium at mark).
4) Immediately exercise.

I just exercised 2 contracts and now have 200 shares, blocking the shorts. You can repeat this process over and over if you are buying a lot.

Best of luck out there! Letâ€™s get them!!!

P.S. ~~If you can afford 100 shares but canâ€™t afford the risk, you can sell (heh...) some shares after you exercise and take risk off the table.~~

_Update:_ A screenshot has made it to me that Robinhood is blocking same day exercise so you would need to carry into the next trading day to exercise.

_This is NOT financial advice and is for informational purposes ONLY. You can lose 100% of anything you invest._

EDIT:

1) This works for pretty much any stock.

2) Thereâ€™s a catch. You need enough money (please donâ€™t use margin) to cover 100 shares. The way exercising works is you pay for the 100 shares at the strike price.

Example:

- $GME is $300
- The 2/5 $50c is $250 so it costs $25,000
- Cost to exercise would be $50 x 100 ($5000).
- Total cost: $30,000 (same as buying 100 shares)

After exercising you could then sell shares at open market and de-risk if you like and hold the remainder.",4139,wallstreetbets
56,Donâ€™t know what mod gave this quote to Bloomberg... but I can get behind this message. Well done!,News,74943,l82vx4,https://i.redd.it/idsfqb3bxbe61.jpg,1611951305.0,,1472,wallstreetbets
57,Why is no one talking about Mark Cubanâ€™s tweets? (Link to thread that explains more in comments) WE LIKE THE STOCK ðŸš€ðŸ’ŽðŸ™ŒðŸ»,News,72539,l8bw6c,https://i.redd.it/nplcihy6vde61.jpg,1611974805.0,,4323,wallstreetbets
58,I love you guys ðŸ˜˜,Gain,72360,l3aj4z,https://i.redd.it/4id5pcaai2d61.jpg,1611401441.0,,3521,wallstreetbets
59,ONE OF US - ONE OF US,News,71596,l6yh82,https://i.redd.it/8duc2upy53e61.jpg,1611845252.0,,775,wallstreetbets
60,Who stopped the losses for the millions who lost their jobs and homes during the 2007 GFC or 2020 Covid-19 pandemic? You don't get to just shut off the market just because you are on the wrong side of a trade.,News,71312,l791gh,https://i.redd.it/rbbabxsv25e61.jpg,1611868429.0,,1969,wallstreetbets
61,Which one of you glorious bastards did this?,News,71289,l6xerk,https://i.redd.it/o115v7agy2e61.jpg,1611842725.0,,1283,wallstreetbets
62,"Donâ€™t stop holding, men! ðŸŽ®ðŸ›‘ðŸš€ðŸŒ‘",News,71216,l79ltj,https://i.redd.it/b7zudkxs65e61.jpg,1611869747.0,,747,wallstreetbets
63,"RH now limiting to 2 shares max of GME. This is the same shit as yesterday, just disguised.",News,68482,l7zgdk,https://i.redd.it/krc5kesbabe61.jpg,1611943574.0,,3989,wallstreetbets
64,CNBC thinks loss porn isn't a thing!,News,66339,l8b92a,https://i.redd.it/5bo1m198pde61.jpg,1611972823.0,,2179,wallstreetbets
65,We did it boys - we saved the movie theater industry from COVID so we can enjoy premieres together when it ends! ðŸš€ Has anyone else also missed the theater experience?,News,65625,l81iwp,https://i.redd.it/klrgskb5obe61.jpg,1611948222.0,,4396,wallstreetbets
66,Always buy the dip!,News,64555,l6ztvz,https://i.redd.it/cnzz5ov3e3e61.jpg,1611847990.0,,1122,wallstreetbets
67,Robbing the Hood,News,62707,l8x0nt,https://i.redd.it/sk0s0zm5mje61.jpg,1612044412.0,,1454,wallstreetbets
68,WSB Hedge Fund,News,61273,l66qot,https://i.redd.it/r5lqwhyp7wd61.jpg,1611761095.0,,1718,wallstreetbets
69,Starting tomorrow in Denver,News,59926,l93xdv,https://i.redd.it/unfxq51ccle61.png,1612065451.0,,1489,wallstreetbets
70,$500 Donation For Every $50 Increase in GME Price. $4500 Donation To St Jude So Far,Gain,58866,l8ldes,https://www.reddit.com/gallery/l8ldes,1612012168.0,,1085,wallstreetbets
71,Can I get a flair for buying GME at the literal top ($155.29)?,Loss,57734,l4sg3u,https://i.redd.it/dcvu7lq2iid61.jpg,1611595101.0,,4232,wallstreetbets
72,"Interactive Brokers chairman on CNBC just now, asked why they halted trading: ""Honestly, to protect ourselves""",News,57639,l77imc,https://i.redd.it/qo48n67rs4e61.png,1611865080.0,,3251,wallstreetbets
73,Lawmakers side with retail investors against Wall Street institutions !!!!!!! GME AMC BB NOK ðŸš€ðŸš€ðŸš€,News,56885,l7dg6y,https://i.redd.it/sj9jmrzhy5e61.jpg,1611879064.0,,1529,wallstreetbets
74,YOU NEVER SEE THEM IN THE SAME ROOM,News,56874,l8z6dd,https://i.redd.it/0bjdfcyg4ke61.jpg,1612050567.0,,1920,wallstreetbets
75,I know this person has to be in this subreddit,News,56396,krywa2,https://i.redd.it/ko8k3dwggs961.jpg,1609972220.0,,1018,wallstreetbets
76,We did it boys!,News,56237,l7t587,https://i.redd.it/zq2blf432ae61.jpg,1611928696.0,,1575,wallstreetbets
77,"Delivered bags of peanuts to GameStop employees, as I said I would. Still holding 100 shares of GME!!! ðŸš€ðŸš€ðŸš€",News,55669,l8q37u,https://i.redd.it/locs9rm64ie61.jpg,1612026256.0,,1167,wallstreetbets
78,Robinhood now blocks users from getting their statements. Statements are required if you want to transfer to another broker.,News,54944,l8xv7p,https://i.redd.it/6nbu10lctje61.jpg,1612046826.0,,4383,wallstreetbets
79,"Tyler Winklevoss announces Gemini creating new ""trading venue;"" welcomes r/WallStreetBets",News,54433,l77a2d,https://i.redd.it/nshi68o7r4e61.png,1611864564.0,,1412,wallstreetbets
80,The Finest News Source in America knows whatâ€™s up ðŸ’ŽðŸ’ŽðŸ’ŽðŸš€ðŸš€ðŸš€,News,53869,l893en,https://i.redd.it/f5jtep7i6de61.jpg,1611966502.0,,851,wallstreetbets
81,Chamath Palihapitiya schools Scott Wapner on what the real issue is. CNBC didn't upload this on youtube!,News,53737,l6cjhx,https://www.youtube.com/watch?v=xVUBJSnBxKA,1611776460.0,,3419,wallstreetbets
82,"In just 2hrs, WSB have forced the Financial Times to adjust their article accusing our community of being linked to the alt-right. Hold the MSM to account and be excellent to each other.",News,53317,l6v1d4,https://i.redd.it/o0hpei8ic2e61.jpg,1611835510.0,,1787,wallstreetbets
83,Papa Elon back at it again with the one liners.,News,53307,l6zui9,https://i.redd.it/rl3ugvi7e3e61.jpg,1611848025.0,,787,wallstreetbets
84,u/deepfuckingvalue hitting front pages out here in Canada ðŸš€ðŸš€ðŸš€ðŸš€ðŸŒ‘ðŸŒ‘ðŸŒ‘ðŸš€ðŸš€,News,51637,l8zznp,https://i.redd.it/hyaqhzjlbke61.jpg,1612052965.0,,1562,wallstreetbets
85,When you read fake news on CNBC that Melvin supposedly closed out,News,50945,l62vwm,https://i.redd.it/dwvbjs155vd61.jpg,1611748217.0,,1191,wallstreetbets
86,Mother of God - Ted Cruz and AOC agree on something and it's in defense of us idiots. We're uniting the country!,News,50402,l728vu,https://i.redd.it/tw56hgr6t3e61.png,1611853090.0,,1181,wallstreetbets
87,The Financial Times are attempting to link WSB with the alt-right. Do not let the mainstream media villainise our community and push this narrative.,News,50330,l6s9tb,https://i.redd.it/nvp1vde7g1e61.jpg,1611824483.0,,3711,wallstreetbets
88,This is MARKET MANIPULATION. Where is the SEC on this???,News,50281,l6w6pl,https://i.redd.it/275nkyfno2e61.jpg,1611839429.0,,1669,wallstreetbets
89,Soon we'll all be able to buy our own GameStop ðŸš€ðŸš€ðŸš€,News,49703,l8e3t6,https://i.redd.it/2yvxh1ssgee61.png,1611982074.0,,1134,wallstreetbets
90,420.69 at premarket - sign from the Stonk Gods,News,48928,l7oobr,https://i.redd.it/1y9jfxuht8e61.jpg,1611913699.0,,1622,wallstreetbets
91,SHARE AND UPVOTE. Screw Wall Street. We need to make our trading platform for retail traders only.,News,47116,l71kd0,https://i.redd.it/1n1arg8sm3e61.png,1611851696.0,,1900,wallstreetbets
92,Here it is in all its glory,News,46826,l8hfhy,https://i.redd.it/zi7yru37lfe61.jpg,1611995659.0,,1289,wallstreetbets
93,"Coming soon to I-95 around Baltimore,MD",News,46805,l8ynh1,https://i.redd.it/uaays27vzje61.jpg,1612049019.0,,1270,wallstreetbets
94,$500 Donation For Every $50 Increase in GME Price. $1000 Donation To St Jude So Far ðŸ’ŽðŸ™ŒðŸš€,Gain,46766,l5be2b,https://www.reddit.com/gallery/l5be2b,1611656994.0,,1185,wallstreetbets
95,"UK Trading app FreeTrade are being forced to disable buys again citing orders from their FX provider. This is it folks, this is manipulation.",News,46001,l7u0im,https://i.redd.it/5vyvco1r8ae61.jpg,1611930991.0,,2037,wallstreetbets
96,If PAPA MUSK IS FOR US WHO CAN BE AGAINST US !!! IM STILL HOLDING!!!,News,45785,l783ec,https://i.redd.it/9qjtsohpw4e61.jpg,1611866354.0,,739,wallstreetbets
97,He is one of us!,News,43816,l5gf8e,https://i.redd.it/ayp8x9y05pd61.jpg,1611675440.0,,2432,wallstreetbets
98,"strap in boys, they're coming",News,43681,l78vtv,https://i.redd.it/yticvqhh15e61.png,1611868075.0,,1694,wallstreetbets
99,Amazon reacting to the market by discounting rentals of The Big Short,News,43554,l84pz9,https://i.redd.it/uh3w08iz9ce61.jpg,1611955566.0,,1274,wallstreetbets
100,IM GONNA CUM!ðŸš€ðŸš€,News,42900,l5nqcu,https://i.redd.it/1qgf7wl7sqd61.jpg,1611695344.0,,3292,wallstreetbets
101,DON'T DOUBT UR VIBE,Gain,42614,eytmj5,https://imgur.com/fh5QLBq,1580837624.0,,3646,wallstreetbets
102,ROBINHOOD HAS RESTRICTED $GME DOWN TO 1 SHARE! DO NOT SELL! YOU CANNOT BUY BACK IN!,News,41770,l81j55,https://i.redd.it/anwlmd17obe61.jpg,1611948238.0,,1832,wallstreetbets
103,This ... does put a smile on my face.,News,41584,l7itza,https://i.redd.it/ytb01hpj57e61.gif,1611893539.0,,813,wallstreetbets
104,"200,000% Return. 4 Pre-split TSLA options purchased summer 2019. Still holding...",Gain,41427,k7anqp,https://i.redd.it/wc6yi8xqce361.jpg,1607186380.0,,3792,wallstreetbets
105,FUCK YOU CRAMER WE NEVER SELL ðŸš€,News,41407,l7v0gp,https://i.redd.it/mbsjv580gae61.jpg,1611933377.0,,1695,wallstreetbets
106,Donated half of my AMC gains to my local Childrenâ€™s Hospital.,Gain,40965,l8os8k,https://www.reddit.com/gallery/l8os8k,1612022902.0,,1138,wallstreetbets
107,Doing my part as a broadcaster to tell the truth about Robinhood and their manipulation....,News,40450,l7vtsi,https://i.redd.it/osr4llxplae61.jpg,1611935307.0,,760,wallstreetbets
108,ðŸš¨ðŸš€ðŸš¨ Linus just ran a stream where he would 5x donations and buy $GME. $10k was raised.,News,40505,l8c9ld,https://i.redd.it/5u4mjpyqyde61.jpg,1611976002.0,,1156,wallstreetbets
109,"DONâ€™T LISTEN TO LIES, SHORTS HAVENâ€™T EVEN BEGUN SELLING.",News,39787,l80pae,https://i.redd.it/1mgnsmrnibe61.jpg,1611946376.0,,1381,wallstreetbets
110,"Dear hedge fund managers, CNBC, and the like, Guess what I did yesterday? Went to work then got drunk watching anime until 12am. Guess what Iâ€™ll do tomorrow if I loose all these gains? Not a goddamn thing different ðŸ’ŽðŸ™ŒðŸš€ðŸš€ðŸš€",Gain,39177,l6vcl9,https://i.redd.it/z3yju02eg2e61.jpg,1611836651.0,,859,wallstreetbets
111,UNITED STONKS OF AMERICA.,News,38543,l6zxpj,https://i.redd.it/azuwdgcqe3e61.jpg,1611848204.0,,870,wallstreetbets
112,Robinhood looking to hire government affairs staffers to navigate their impending congressional hearings,News,38185,l7vf3i,https://i.redd.it/02rfuqjtiae61.jpg,1611934323.0,,891,wallstreetbets
113,Repost for exposure. OP: u/DNXPeeJay,News,38080,l70h22,https://i.redd.it/7fzsbti8i3e61.jpg,1611849379.0,,691,wallstreetbets
114,AOC calling out Robinhood,News,37591,l7225e,https://i.redd.it/n7ark4l4s3e61.jpg,1611852706.0,,549,wallstreetbets
115,"For the first time in my life... I feel.. At home ðŸ˜Œ $-148,173.58",Loss,37383,g6pmji,https://i.redd.it/lky555j7flu41.jpg,1587658794.0,,1879,wallstreetbets
116,Went from -$6000 to +$2M in $GME and I AINT SELLING till gme hits $5000+ðŸ’ŽðŸ¤šðŸš€,Gain,36877,l8voe4,https://i.redd.it/ugwetvbeaje61.png,1612040679.0,,1916,wallstreetbets
117,Say it with me. WE. ARENT. FUCKIN. SELLING.,News,36594,l7uw0g,https://www.cnbc.com/2021/01/29/cramer-tells-investors-to-take-home-run-and-sell-gamestop.html,1611933092.0,,1202,wallstreetbets
118,Good Gourd,Loss,36226,kzu2rh,https://i.redd.it/g24gym2383c61.png,1610974272.0,,908,wallstreetbets
119,There will be a lot of FUD in the media this weekend. Checking in to let yâ€™all know Iâ€™m still holding ðŸ’ŽðŸ™Œ,Gain,35450,l85lvl,https://i.redd.it/nzzcsmufgce61.jpg,1611957737.0,,1328,wallstreetbets
120,"""How Reddit works"" - CNBC",News,34842,l76j0n,https://i.redd.it/uhffl26nm4e61.jpg,1611862992.0,,1021,wallstreetbets
121,ROBINHOOD HAS BEEN SUED! OTHERS TO FOLLOW!!!,News,34339,l73tdc,https://i.redd.it/xij6rz1334e61.jpg,1611856413.0,,394,wallstreetbets
122,Robinhood Is Lying - You Are Blocked Acquiring More Than 5 Total Shares,News,33652,l7q1et,https://www.reddit.com/r/wallstreetbets/comments/l7q1et/robinhood_is_lying_you_are_blocked_acquiring_more/,1611918713.0,"Vlad, CEO of RH and chief mod at r/cuckold, went on national news outlets last night and swore RH would open trading of GME. 

That is not entirely true. 

RH is allowing anyone with ZERO shares of GME to buy up to 5.  Anyone with currently less than 5 shares can buy more up to a total portfolio of 5 shares.  Anyone with more than 5 shares can not purchase shares. 

This is important because these fuck clowns know that those of us carrying greater numbers of stock likely have the capacity to buy greater numbers of GME shares and reduce liquidity. 

They are simultaneously:
1)  manipulating the system
2) taking advantage of people with less funds
3) preventing a greater number of shares from being purchased

They did this so they could have a talking point in the media and during their congressional investigations and say â€œWe reopened stock purchase of GMEâ€ and nobody will dig deeper. 

This is fucking dirty ass pool and fucking outright manipulation. 

Hereâ€™s the video proof:  https://imgur.com/a/AV3IGMa

Edit: and yes.  I do have other brokerage accounts and those are working fine. Shout out to my homies at SoFi, Fidelity, and Vanguard. I have GME stashed in those accounts too.

Edit 2: Iâ€™m not giving a pass to those fucks at other brokers too. Thomas â€œThe Shit Engineâ€ Fluffer at IBKR can eat a bag of fucking rotten cocks too.  Saying GME is worth $17 and the stock should be restricted until it drops to $17 because itâ€™s overvalued.  Fuck you Fluffer. You know whatâ€™s overvalued at $17? Your shitty blowjobs. You give really shitty head you old lemon party fuck. ^no ^homo

Edit 3: RH has now dropped the shares you can buy to 2 shares. If you hold more than 2 shares you can not buy shares.  Go use another broker.  Fuck IBKR, Fuck RH and fuck the hedge funds and brokers.  They are gaming this entire thing.  Go ahead share this post with anyone not on reddit.  Everyone needs to know they are being bent over and violated without lube.  Market got caught doing retarded shit (shorting over 200% of GME) and now we all are suddenly the retards.  GO GET FUCKED Vlad the Cock Impaler and Thomas Fluffer and all of you fuck clowns.

Edit 4: Dear SEC - When GME was trading and trending above $350 is when RH and others dropped the share buy limit to 2 shares.  This is coordinated and planned manipulation.  $350 matters because if GME continues to trade consistently above $350 then gamma squeeze occurs for todays closing options.  This is coordinated and premeditated manipulation.

Hereâ€™s the proof of the new 2 share limit: https://i.imgur.com/RhwgoRu.jpg

#Edit 5: I made a comment that RH was stealing a share from my account.  We all have moments of retardation.  Some of us, like me, dwell in the retard.  I was wrong and I appreciate other redditors pointing out my mistake.  I've delete the comments and posts I made elsewhere.  RH has done enough shit wrong but disinformation, unintentional or not, is not what we are about.  I apologize for the honest mistake.  But fuck RH, IBKR, and the hedge funds anyway.  Nothing changes.

#I'm NOT FUCKING SELLING.

#Edit 6: RH is now down to allowing a single share.  Thanks u/shithawks_circling for posting your image - https://imgur.com/a/BRDyxA0",1819,wallstreetbets
123,"This is for you, Dad (3rd re-post, please don't delete)",Gain,33567,l8by2w,https://i.redd.it/ywe8c05pvde61.jpg,1611974977.0,,947,wallstreetbets
124,Guy living in his truck update: $600 -> 130k in 16 days. If I can hold you can fucking hold ðŸ’Ž ðŸ’Ž ðŸ’Ž,Gain,33503,l8azdz,https://i.redd.it/6305vzkxmde61.jpg,1611972028.0,,1367,wallstreetbets
125,$6k âž¡ï¸ $192k. Made $170k in day and then stomached yesterdayâ€™s dip. 19 years old and not selling til weâ€™re at a few mil. WE DECIDE GMEâ€™S PRICE â€” HOLD STRONG,Gain,33309,l8bgni,https://i.redd.it/flctee88rde61.jpg,1611973472.0,,1586,wallstreetbets
126,"Elon Musk is now the richest person in the world, passing Jeff Bezos",News,32964,ksff4q,https://www.cnbc.com/2021/01/07/elon-musk-is-now-the-richest-person-in-the-world-passing-jeff-bezos-.html,1610033087.0,,2069,wallstreetbets
127,"Marc Cohodes says has the evidence to blow up Citadel, maybe let's get some visibility for this guy?",News,32662,l7h905,https://i.redd.it/0lanlavps6e61.jpg,1611889225.0,,997,wallstreetbets
128,"Absolute scum, we cannot let these fuckers get away with this",News,32093,l773kd,https://i.redd.it/wrw3im3aq4e61.png,1611864197.0,,571,wallstreetbets
129,Hedge Fund Billionaire Claims Americans Are 'Getting Checks From The Government' And Investing 'To Attack Wealthy People',News,31917,l8itro,https://digg.com/2021/leon-cooperman-cnbc-gamestop-stock-price-interview,1612002242.0,,3279,wallstreetbets
130,No bitch only you restricted trading . This is from the robinhood daily email.,News,31707,l7sadp,https://i.redd.it/9zmgd8jsu9e61.jpg,1611926244.0,,630,wallstreetbets
131,This Autist filed an SEC complaint against Melvin Capital. It aint much but its honest work.,News,31168,l5ke26,https://www.reddit.com/r/wallstreetbets/comments/l5ke26/this_autist_filed_an_sec_complaint_against_melvin/,1611686378.0,"&#x200B;

https://preview.redd.it/yht0xbs71qd61.jpg?width=768&format=pjpg&auto=webp&s=26cfc80775814240f83f864d64c4b80525c1a262",898,wallstreetbets
132,Even the MOOCH knows weâ€™re coming for the suits!!!,News,31148,l66f7o,https://i.redd.it/cfuud2z35wd61.jpg,1611760216.0,,403,wallstreetbets
133,Our favorite analyst has spoken!,News,30617,l5gqce,https://i.redd.it/1ydvqz1m7pd61.png,1611676339.0,,1024,wallstreetbets
134,"If this is true, then it goes deeper than we thought.",News,30612,l7r4os,https://i.redd.it/ueue3kpzj9e61.png,1611922633.0,,593,wallstreetbets
135,"Thank you, Dr. Burry",News,30379,l6jhzr,https://i.redd.it/fkuzbqii0zd61.png,1611795020.0,,789,wallstreetbets
136,IM NOT SELLING THIS UNTIL AT LEAST $1000+ GME ðŸš€ðŸš€ðŸš€ðŸš€ðŸš€ðŸš€ BUCKLE THE FUCK UP,Gain,30360,l4kxzg,https://i.redd.it/u8ianxk1dgd61.png,1611569192.0,,6096,wallstreetbets
137,Elon is Lurking the WSB Discord,News,30230,l5qoje,https://www.reddit.com/gallery/l5qoje,1611703633.0,,1213,wallstreetbets
138,PAPA Chamath!â¤,News,30112,l6azhq,https://i.redd.it/65gurzc93xd61.jpg,1611771701.0,,299,wallstreetbets
139,Nice headline NYT,News,29607,l8os80,https://i.redd.it/7xpixzd7uhe61.jpg,1612022900.0,,787,wallstreetbets
140,Boys we are literally going to the moon!,News,29568,l4634y,https://i.redd.it/2n5x4ylh2cd61.jpg,1611517201.0,,817,wallstreetbets
141,"Financial Times of London quoting u/openposition69, what is happening? ðŸš€ðŸš€ðŸš€",News,29502,l5c06w,https://i.redd.it/yrwvy7leund61.png,1611659764.0,,910,wallstreetbets
142,The face of a man days from bankruptcy,Loss,29425,l21wmn,https://i.redd.it/fd8fhymfqpc61.jpg,1611246792.0,,2199,wallstreetbets
143,Who's in control here? We are! ðŸš€ðŸš€ðŸš€ðŸ¤‘ðŸ¤‘ðŸ¤‘ðŸŒ•ðŸŒ•ðŸŒ•,News,29332,kwhxsr,https://v.redd.it/8on21tyk44b61,1610549619.0,,1176,wallstreetbets
144,$1M from $460: Video so the haters among you donâ€™t doubt,Gain,29270,k8n3io,https://v.redd.it/u83eynypct361,1607368072.0,,3017,wallstreetbets
145,DON'T LET ROBINHOOD BECOME THE SCAPEGOAT. This goes deeper -- CITADEL fulfills most of Robinhoods orders. THEY ARE THE ONES CANCELLING WSB.,News,29093,l6zyx6,https://i.redd.it/b1zoa2zzd3e61.png,1611848278.0,,340,wallstreetbets
146,When your friends and family call you crazy for going all in on $TSLA at the beginning of the year.,Gain,28708,kf9gtf,https://i.redd.it/kro2ps895u561.jpg,1608249267.0,,1842,wallstreetbets
147,Reddit just added a diamond handed autist as an avatar and Iâ€™ve never wanted to buy premium so much,News,28623,l8bq6x,https://i.redd.it/aefy51jmtde61.jpg,1611974279.0,,762,wallstreetbets
148,Target Acquired,News,28339,l5ht7n,https://i.redd.it/48lo0x6rgpd61.jpg,1611679385.0,,1038,wallstreetbets
149,Chamath Palihapitiya - Thanks for supporting us at NBC today,News,28239,l6a44e,https://i.redd.it/lvrwrzppwwd61.png,1611769547.0,,464,wallstreetbets
150,We fucking did it bois,News,28178,l4wh03,https://i.redd.it/hl971tz0ejd61.jpg,1611605825.0,,2881,wallstreetbets
151,THEY ARE BLEEDING AND THEY ARE DESPERATE!!!!!,News,28041,l8bg9k,https://i.redd.it/x3hvwkm4rde61.jpg,1611973438.0,,1783,wallstreetbets
152,"Literally ONE MONTH AGO, SEC Charged Robinhood Financial With Misleading Customers About Revenue Sources and Failing to Satisfy Duty of Best Execution",News,27448,l8gffc,http://www.sec.gov/news/press-release/2020-321,1611991052.0,,827,wallstreetbets
153,"In honor of the legend after seeing that WSJ article. Someone can probably do it a lot better than me, but would be cool to see on the logo if even temporarily.",News,27092,l84sc8,https://i.redd.it/hty2tdb1ace61.png,1611955719.0,,474,wallstreetbets
154,Ladies and Gentlemen... We got him.,News,27039,l2i5bv,https://i.redd.it/7rxwpvx6ztc61.png,1611298175.0,,941,wallstreetbets
155,$35k -> $1.25M in 4~ months,Gain,26155,hnk0r9,https://www.reddit.com/r/wallstreetbets/comments/hnk0r9/35k_125m_in_4_months/,1594225171.0,"Alright boys. This is going to be my final gains post. I cracked the 7-figure mark, and then some. I started with $35k in my ROTH IRA in late February/early March. I took out $50k, so current balance is after this amount.

Total balance:

&#x200B;

https://preview.redd.it/aza8wfympn951.png?width=620&format=png&auto=webp&s=9bf62f41c7548042e7155fc7988cb55b63e74f69

YTD graph, it's been an insane wild ride. The top balance on graph is balance from yesterday, this graph only updates overnight:

&#x200B;

https://preview.redd.it/4ujrx8gtpn951.png?width=503&format=png&auto=webp&s=9e7dfbddc461ba03ad0dce267a78002a797407b0

Unlike my previous post, I'm going to post every single one of my trades I've ever made. There was a total of about 350 trades I made.

Here are all my winning trades:

&#x200B;

https://preview.redd.it/fu0a7hn4qn951.png?width=1169&format=png&auto=webp&s=0a2fcc6bb5b52e10ba50301aa0374feb8d0fe863

&#x200B;

https://preview.redd.it/dzsx6d2aqn951.png?width=1165&format=png&auto=webp&s=06a5639feb386ebd2ca83bfaed92b6b70d197803

And here are all my losers:

&#x200B;

https://preview.redd.it/50o2gaufqn951.png?width=1159&format=png&auto=webp&s=d08b45c387251b1ad9d89fb13ba9ed733cb98503

Paid over $14k in commissions to Fidelity:

&#x200B;

https://preview.redd.it/6jsl4utqqn951.png?width=472&format=png&auto=webp&s=1238eed7f211baf66e79fbb8a3a9d8c8f1ec6d38

I will update this post if anything else comes to my mind. But to put it succinctly. There is a process I follow. I outlined pretty much everything I do in the series of edits and comments I made in my original gains post here:

[https://www.reddit.com/r/wallstreetbets/comments/h83cfp/35k\_590k\_in\_3\_months/?utm\_source=share&utm\_medium=web2x](https://www.reddit.com/r/wallstreetbets/comments/h83cfp/35k_590k_in_3_months/?utm_source=share&utm_medium=web2x)

If you have any questions in addition though, ask away, I will try to get to everybody. And yes, it fucking feels amazing.

Also, gaymods... can I please get a flair change to ""$35k to $1.25M""?

I'm copying and pasting the tips I had in my other post into this since many of you retarded fucks can't even seem to click a link. The following are the general rules I follow in my trades. They have served me well. Luck has a lot to do with it. Probably 60% or more, but learning to click the damn sell and buy button when you don't feel like it (due to greed or fear) is the second biggest component.

EDIT:

Let me try to answer some of the common questions.

I started with $35k in my ROTH. That was money I saved up from previous job.

Hold 50% cash reserve at all times as a minimum. YOLOs on FDs are not how you build wealth using options.

Go into OTM positions but only about 10-15%, and a reasonable chance that you personal feel the company can get to the strike before expiration

Learn the greeks. Check current IV levels of the company. Try not to get into trades where the IV is at the top tippy top of a 12 month period.

Learn to not beat yourself up over your trades/mistakes/woulda-shoulda-coulda's. <- This right here was the biggest lesson I learned. Staying focused and not killing myself over my huge mistakes. That sense of dread and horror after seeing your account run up to $550k and then plummeting below $100k in a matter of a week or so, I know is horrific, but learn to focus on what you still have left and climb back up.

LET YOUR WINNERS RIDE. If you are cashing out on a hugely green position, consider taking out only a chunk or better yet, put a trailing stop loss around 20%. I put t-stops once a position goes green about 50%. I don't put trailing stops on currently red positions. I exit my losers by hand usually. I think psychologically I prefer to kill the red deals myself because I'd feel even more horrific and blame the system of the broker if I had a losing position exit out on a trailing stop.

Do not put more than 25% of your account into a single position. We celebrate YOLOs and retardism around here yes, but that doesn't mean you need follow the ultra-retards.

Don't hold 20 different positions. I see so many people holding fucking LUV/AAL/UAL/DAL positions at the same fucking time. No, just pick one and focus on it. Doesn't fucking matter which one, currently besides maybe LUV, the airlines move in lockstep.

LEARN TO CUT YOUR LOSSES. Even at -90%. That 10% through the magic of options trading can easily be used to make the 90% again. Try to climb back out of a hole with 0% left though.

I'll edit more in if I think of anything else, but overall, try to stay disciplined. Learning to control (I admit still very ineffectively but enough to usually put a rein on a runaway destructive thought process) my emotions was key. Losses don't kill options traders, calculating your alternate universe net worth on your woulda-coulda-shouldas do.

EDIT 2:

I will say this. My undergraduate degree was in Economics, and I'm finishing up my MBA in Finance right now.

My education I think did give me a great deal of edge, over the average person just plunging into options. That doesn't mean you can't educate yourself. First and foremost go fucking watch some videos on options and their greeks. Implications of volatility on price as well is a basic knowledge you should have.

EDIT 3:

I usually buy contracts 1-2 months out. My plan is to sell around the half way point. Leaving a lot of theta meat on the bone so that they are still more valuable.

10-15% OTM. I never buy ITM. That 10-15% level has worked for me. I go for a strike price that I personally feel the stock can hit within the expiration. Almost all my winning trades have been ITM by the time I sold I believe.

EDIT 4:

If you look at my history, I followed the trends down, and then the trends up. If there's one ""strategy"" to what I do, you can say I ride trends. Knowing the trend was more instinctive. When China, the second biggest fucking economy in the world, was willing to take an extreme measure of forced quarantine of almost 500 million of its citizens, I understood just how fucking serious the virus was. Was that getting priced in the US stock market though? The potentially similar lockdowns in the US? No. Market was fucking hitting ATH at the same time. I shorted the shit out of everything about a week after (including DIS, $80p I bought when it was at $130) market hit ATH I think. My instinct was right, I went up to $550k\~ or so from this.

But then I made the mistake of holding when the trend had reversed. The market was no longer responding to the bad news. More death count than any other source of death in the country per day? Green. Record setting unemployment? Green. I went from $550k down to $91k. Bought ballsdeep calls from here and rode the wave back up.

Learning to get a sense of the current trend is the hardest part I think. And who is your best friend? The trend. Who gives you your giant pile of tendies? The trend. Who buys your wife a new iMac pro? The trend. Never try to ""outsmart"" the market. You're going to lose you fucking shirt.

EDIT 6:

Almost forgot one of the biggest lessons I learned. I never ever close a position within the first \~1 hour of market opening. I usually close them in the last hour instead. Contract pricing is usually way out of wack across the board you are going to have massive amounts of slippage, mispricing, and just retarded level of lag and shit, even on the big boy brokers like Fidelity. (The only exclusion here would be for SPY...I don't go into SPY anymore, but if I did, I will sell at market open. The liquidity and the price movement is already built in when market opens for SPY. Any other tickers like AMZN, this rule applies)

EDIT 7:

I will add one more thing that led to my biggest gain trades. When a stock currently is at ATH, I mean actual ATH not high of 52 weeks, then there's a massive momentum going for the stock and chances are it will keep that momentum for a while. Using this logic, I went into AMZN calls. Many people asked me why I got in when it had already run up from $1.9k to like $2.1k or something, it's because I used that logic. (Be aware of buying into meme stocks ATH though, I'd be ready to cut my losses the next day if I got into a meme stock and it didn't continue going up/down)

EDIT 8:

Let me make one point clear. You are nothing. You are a nobody. Nobody gives  a fuck about your gut feeling, or TA voodoo, or this, and that, and the market doesn't owe you shit. You are a dumbass. You are a dumbass. Repeat after me, you are a dumbass. The sooner you get this fact through your thick skull and learn to respect the trends of the market, the better it will be for your trades. Learn humility, stop fucking bragging about your 1 or even 10 wins, and more importantly, don't delude yourself into thinking you figured out the secret after your few trades. You haven't. Learn to be humble, and always fucking respect the market trends. It may feel like it, but this is not a fucking game, unless you want it to be and think the #'s you see on the neo screen are not real. You are trying to make serious $, not be proven right or how smart you are. I'll repeat, take ego out of it. Or not. But for me to get to this level over about 350 trades, these tips I outlined above worked remarkably well.

EDIT 9:

Many people seem to miss my points from the above giant ass retarded fucking post. So let me write another paragraph you can ignore. Hopping on the same trend is not enough. People pull out too soon, or worse they insist on going the wrong fucking direction. Even with my gains, I pulled out early on so so sooo many trades, with lost gains to the tune of approximately $3\~ mil by my rough estimate. Letting my winners run and not pulling out too quickly let me get some big wins. This was not something easy for me to do, I was always tempted to pull the plug early on my positions but I held most and relied on tight trailing stop losses.",1761,wallstreetbets
156,TSLA - Best $100K Iâ€™ve ever spent. When do I hop off the tendie coaster???,Gain,25989,ktytvp,https://i.redd.it/41njkd3lada61.jpg,1610224482.0,,1740,wallstreetbets
157,Buddy of mine who used to play for the other guys.,News,25627,l7ras7,https://www.reddit.com/gallery/l7ras7,1611923204.0,,915,wallstreetbets
158,Curious why Papa Elon is shilling $GME? Itâ€™s because Melvin Capital shorted $TSLA for years and bragged about it.,News,25400,l5s9ss,https://www.reddit.com/r/wallstreetbets/comments/l5s9ss/curious_why_papa_elon_is_shilling_gme_its_because/,1611708461.0,"Elon has battled shorts for almost a decade. We all remember when he complained that shorting should be illegal, and when he released â€œshort shortsâ€ when he finally defeated them. 

But guess who used to brag about shorting Tesla? Gabe ðŸŒˆðŸ» Plotkin. 

From [Bloomberg:](https://www.bloomberg.com./news/articles/2019-07-19/cohen-cub-gabriel-plotkin-sees-fund-surge-about-44-this-year)

Plotkin described Melvin as â€œa very human-intensive place. We have a lot of analysts, we require a lot out of them.â€ The team has modeled more than 500 companies in â€œsignificant detail,â€ while a data science group reads into trends.
He added that the firm has an â€œintense focusâ€ on the short side, with about 70% of profits in Melvinâ€™s first year coming from bearish bets. Plotkin expressed skepticism about mall real estate investment trusts, as well as electric-car maker Tesla Inc.

$GME to the ðŸŒš, then profits back to a safe store of value: $TSLA.

UPDATE: [better source](https://fintel.io/so/us/tsla/melvin-capital-management-lp) showing Melvin Capitalâ€™s puts on TSLA from 2016 through 2020

UPDATE 2: stop giving me silver awards your cheap bastards. Platinum or GTFU.

UPDATE 3: [positions or ban. ](https://www.reddit.com/r/wallstreetbets/comments/l5s9ss/curious_why_papa_elon_is_shilling_gme_its_because/gkwauak/?utm_source=share&utm_medium=ios_app&utm_name=iossmf&context=3). You can check out my post history for all my plays to see how I over 10X my $500K from a year ago.

Update 4: hi r/all, for those of you wondering what in the hell is going on with Gamestock, [this comment ](https://www.reddit.com/r/wallstreetbets/comments/l5s9ss/curious_why_papa_elon_is_shilling_gme_its_because/gkx1nd7/?utm_source=share&utm_medium=ios_app&utm_name=iossmf&context=3) sums it up nicely.",1679,wallstreetbets
159,WE HAVE ALMOST WON OUR FIRST MAJOR BATTLE ðŸ’ŽðŸ™ŒðŸ’ŽðŸ™ŒðŸ’ŽðŸ™ŒðŸ’ŽðŸ™Œ,News,25380,l82qwt,https://www.reddit.com/r/wallstreetbets/comments/l82qwt/we_have_almost_won_our_first_major_battle/,1611950992.0,"AS MANY OF YOU KNOW THERE ARE CONTRACTS THAT EXPIRE TODAY AT **$115. THE HEDGE FUNDS WILL DO EVERYTHING THEY CAN TO TRY TO DRIVE THE STOCK DOWN TO THAT PRICE TO SAVE THEIR ASSES.**

How are they going to do that because some of you retards still dont know? They are going to trade the stock in low volumes at rapid speeds to **MAKE IT SEEM LIKE THE STOCK IS LOSING VALUE**. BUT IT IS NOT LOSING VALUE. The volumes that the hedgefunds are trading at are a .000X% of gamestops overall volume. They want you to be scared and sell your stock so that they will win. DO NOT FUCKING SELL DO NOT LET THE HEDGES WIN. HOLD WE WILL MAKE HISTORY. HOLD AND WE WILL WIN. DO NOT SELL YOUR FUCKING SHARES. AND BUY THE DIP.

(THIS IS NOT FINANCIAL ADVICE, DO YOUR OWN RESEARCH, I JUST LIKE THE STOCK)

Edit - for those of you asking what you should do: donâ€™t spend money you canâ€™t afford to lose.",1740,wallstreetbets
160,City AMâ€™s headline is a beaut.,News,25072,l5pkne,https://i.redd.it/lon30qve7rd61.jpg,1611700457.0,,988,wallstreetbets
161,$50 billion in losses to hedge funds since January 2021 ðŸ’¥ðŸ’¥ðŸ’¥,News,24732,l8ynvf,https://invezz.com/news/2021/01/30/cnbcs-santoli-short-hedge-funds-arent-powerful-predators/,1612049053.0,,1060,wallstreetbets
162,SHITRON JUST REMEMEBERED THAT THE INAUGURATION IS TAKING PLACE!,News,24415,l1ca4x,https://i.redd.it/wvvbo059iic61.jpg,1611159295.0,,1277,wallstreetbets
163,Bought a Billboard AD in San Jose! Running Next Week,News,24338,l8ry4o,https://www.reddit.com/gallery/l8ry4o,1612030968.0,,555,wallstreetbets
164,WE MUST RALLY AGAINST THE SUITS ðŸ’ŽðŸ’ŽðŸ’ŽðŸš€ðŸš€ðŸš€,News,24125,l76y13,https://i.redd.it/k0ndkhidp4e61.jpg,1611863887.0,,366,wallstreetbets
165,Billionaire MLB owner Steven Cohen defiant after GameStop loss and says heâ€™s â€˜trying to make a livingâ€™,News,23853,l8mfqs,https://finance.yahoo.com/news/billionaire-mlb-owner-steven-cohen-210726997.html,1612015736.0,,2191,wallstreetbets
166,They saved $6 Billion by halting trade yesterday,News,23746,l7u62v,https://i.redd.it/wjttb8h5aae61.jpg,1611931408.0,,636,wallstreetbets
167,â€œEveryone getting their fair share is just a bullshit conceptâ€. Says it all.... True colours of these guys & their mentality.,News,23679,l7rm5s,https://i.redd.it/vgczgx8to9e61.jpg,1611924234.0,,684,wallstreetbets
168,Shitron Attacking begins.,News,23520,l0lg6r,https://i.redd.it/n43f5b8szac61.jpg,1611068333.0,,2689,wallstreetbets
169,Last post got removed. Yesterday I posted a $2.5MM LOSS on GME but ðŸ’ŽðŸ™Œed. Today Iâ€™m posting a $7.8MM GAIN. Still holding.,Gain,23108,l5w5bm,https://i.redd.it/4e5cg9dlwsd61.jpg,1611721031.0,,962,wallstreetbets
170,The world is with us. HOLD,News,22685,l8aklw,https://i.redd.it/huccj71ajde61.jpg,1611970798.0,,428,wallstreetbets
171,Had to convince my dad to log in and let me screenshot this to post. He bought as a result of us going to GameStop and getting Tom Clancy's Splinter Cell. We like the stock. He's not selling.,Gain,22655,l8ro2p,https://i.redd.it/tr47pncffie61.jpg,1612030246.0,,904,wallstreetbets
172,Turned 800$ in GME into 60k as of now. This is life changing money but you bet your ass Iâ€™m still holding ðŸ’ŽðŸ™Œ HOLD! ðŸ¦ðŸš€,Gain,22561,l8uql6,https://i.redd.it/zfec6e3c3je61.jpg,1612038079.0,,1153,wallstreetbets
173,WE DID IT GUYS,News,22531,l786xy,https://i.redd.it/t97cl0dbx4e61.png,1611866568.0,,604,wallstreetbets
174,This is the king of energy we need.,News,22477,l1dpcp,https://i.redd.it/uubdegmbuic61.jpg,1611163351.0,,528,wallstreetbets
175,UPDATED JAN 27TH SHORT INTEREST DATA POSTED BY S3 PARTNERS THIS MORNING,News,22162,l642ms,https://www.reddit.com/gallery/l642ms,1611752722.0,,2726,wallstreetbets
176,FORGET MOON WEâ€™RE GOING ALL THE WAY TO FUCKING OORT CLOUDðŸ—½ðŸ—½ðŸ—½ðŸŒŒ,News,22003,l6yrci,https://i.redd.it/c3w3ohmp73e61.jpg,1611845843.0,,186,wallstreetbets
177,We will not stop. Occupy GameStop.,News,21903,l8wq2p,https://i.redd.it/v0ds8t9rjje61.jpg,1612043600.0,,1128,wallstreetbets
178,Big THANK YOU to Charles Payne at Fox Business for being one of the only financial TV hosts to call out Robinhood on this absurdity,News,21792,l718oc,https://i.redd.it/b96u0n00n3e61.png,1611851045.0,,131,wallstreetbets
179,Fuck these fools FIRE IT UP!!,Gain,21549,l65boe,https://i.redd.it/w9p1eozxuvd61.jpg,1611756830.0,,274,wallstreetbets
180,A true Autist. $TSLA,Gain,21522,ksv6fe,https://i.redd.it/mvb9miv8e1a61.jpg,1610080431.0,,1309,wallstreetbets
181,Losses on short positions in U.S. firms top $70 billion - Ortex data,News,21471,l73kof,https://www.reuters.com/article/us-retail-trading-shortbets-idUSKBN29X1SW?taid=6012f37e9ac87d000147d4e3,1611855850.0,,994,wallstreetbets
182,"$BB mic dropped about SolarWinds a few hours ago, bless ðŸ’ŽPapa Chen.ðŸ’Ž ðŸš€ðŸš€ðŸš€ðŸš€ðŸš€ðŸ‘¨â€ðŸš€",News,21461,l89i9t,https://i.redd.it/1wxqln62ade61.jpg,1611967700.0,,1341,wallstreetbets
183,"If I can hold at -$15MM, then you can hold too. Iâ€™ll watch this go to $0 before I sell today. ðŸ’ŽðŸ™Œ",Loss,21352,l718ni,https://i.redd.it/jm9od5n6n3e61.jpg,1611851043.0,,598,wallstreetbets
184,It's been downhill since March,Loss,20947,hdv0k2,https://i.imgur.com/OdMmo9i.jpg,1592841657.0,,1896,wallstreetbets
185,"Please pay respect to R/deepfuckingvalue and where it all started. The myth, the legend, the visionary, the â€œis that a bird or a plane ? Itâ€™s the motherfukin D, Oh double Gâ€",Gain,20810,l7eq9p,https://i.redd.it/9kkplat886e61.jpg,1611882340.0,,489,wallstreetbets
186,Watch Cuomo crucify Robinhood CEO Vlad,News,20640,l7hh6h,https://twitter.com/cuomoprimetime/status/1354989746158784514?s=21,1611889836.0,,1604,wallstreetbets
187,"I sold half my Tesla shares today. I bought my first share in 2010. Up 596,082%.",Gain,20502,kt8hng,https://i.redd.it/7kn10sz6j5a61.png,1610130620.0,,850,wallstreetbets
188,They found Jack Ma... BABA ðŸš€ðŸš€ðŸš€,News,20389,ksb4vb,https://v.redd.it/m32ksb3v6w961,1610017469.0,,573,wallstreetbets
189,"$6+ million gains in 1 year (+48,000%)",Gain,20038,j142i3,https://v.redd.it/27z1mz6rwsp51,1601260907.0,,1463,wallstreetbets
190,WeBull Opened for Trading GME and AMC!,News,19962,l76e2g,https://twitter.com/Benzinga/status/1354875260169027584?s=20,1611862707.0,,1020,wallstreetbets
191,900->20k->24 thanks to you retards,Loss,19818,k4ni15,https://i.redd.it/rqg4ofaykl261.jpg,1606838039.0,,763,wallstreetbets
192,117k to 5k. I sit here typing this as I drown my sorrows in a bottle of whisky. Gambling is bad. The market won.. GG.,Loss,19617,g1l6v5,https://i.redd.it/5nhe98nzvws41.jpg,1586925920.0,,1711,wallstreetbets
193,PLTR and NIO holders who bought bought the peak.,Loss,19585,k3yb2k,https://i.redd.it/3nntodi3fe261.jpg,1606751322.0,,1005,wallstreetbets
194,The Hedgies fight dirty,News,19430,l88yj7,https://i.redd.it/a0kk339e5de61.jpg,1611966130.0,,880,wallstreetbets
195,"Robinhood needed emergency $1 Billion cash injection, but was too embarrassed to admit it",News,19400,l7xu5k,https://daringfireball.net/linked/2021/01/29/robinhood-cash-injection,1611939939.0,,808,wallstreetbets
196,This could be huge,News,19332,l5r0w1,https://i.redd.it/u8pbq6xejrd61.jpg,1611704647.0,,2055,wallstreetbets
197,Iâ€™m not settling for a home run. WE WANT A GRAND SLAM OUT OF THE PARK BABY!,News,19008,l86tla,https://i.redd.it/arqex1z7pce61.jpg,1611960691.0,,1201,wallstreetbets
198,Basically the result my trades over the last two weeks,Loss,19008,hth9qh,https://v.redd.it/rh62nlu0jmb51,1595081680.0,,217,wallstreetbets
199,Fox Business,News,18975,l5mir9,https://i.redd.it/pdt46lpfiqd61.jpg,1611692058.0,,670,wallstreetbets
200,Robinhood App Hit With Class Action Suit After Trying to Shut Down GameStop Uprising,News,18807,l73ska,https://news.yahoo.com/robinhood-app-hit-lawsuit-trying-172304118.html,1611856367.0,,308,wallstreetbets
201,As if the damage hasnâ€™t already been done,News,18724,l7dyiy,https://i.redd.it/m1t89nzd26e61.jpg,1611880370.0,,697,wallstreetbets
202,The Squad is on our side!,News,18518,l6z1dg,https://i.redd.it/ag14543993e61.png,1611846369.0,,373,wallstreetbets
203,One of us!,News,18501,l6zkce,https://i.redd.it/i9twwtzhc3e61.jpg,1611847449.0,,221,wallstreetbets
204,I'm the guy that went from 2k to 100k in a month. Ended 2020 with a bang. Intraday ATH of 230k. Lost most with PLTR 12/31 30c. Chased the rest to 0 with random weeklies. Roast the fuck out of me.,Loss,18460,knu6as,https://i.redd.it/9b369u9a5k861.png,1609435780.0,,1946,wallstreetbets
205,It's about to go crazy!,News,18323,l76g8l,https://i.redd.it/gjyw1ng8m4e61.png,1611862831.0,,397,wallstreetbets
206,"I wonder if anyone had a better return than 96k%, total 53k profit overnight for 65 contracts on AIMT buyout",Gain,18133,iwf9s2,https://i.redd.it/ghuk67xrgbo51.jpg,1600613693.0,,768,wallstreetbets
207,They're trying to say this was all done by 'Nazis' now...,News,18111,l6tfyh,https://i.redd.it/37okz5nhu1e61.png,1611829306.0,,1091,wallstreetbets
208,"Well Robinhood, I don't know how many tendies the funds paid you, but for your sake it better have been at least a 20pc mcnuggets",News,17771,l73vqk,https://i.redd.it/qgsn8rhl34e61.png,1611856562.0,,358,wallstreetbets
209,We did it boys. Always glad to see an autist on the front page of the Wall Street Journal.,Gain,17632,klhfyd,https://i.redd.it/jswb93t5cu761.jpg,1609123286.0,,446,wallstreetbets
210,GET YOUR ASS AT 8:30 ON TWITCH,News,17350,l75ljf,https://i.redd.it/3u92ye1og4e61.png,1611860971.0,,780,wallstreetbets
211,50k to 1M. Thank you daddy Musk!,Gain,17053,ik3eae,https://www.reddit.com/gallery/ik3eae,1598897998.0,,1132,wallstreetbets
212,Rush Limbaugh is going TO THE MOON,News,16949,l77dkj,https://i.redd.it/5gvea4f0s4e61.png,1611864773.0,,738,wallstreetbets
213,NEW HIGH SCORE!!!,Gain,16767,fgg4fg,https://i.redd.it/oqmahhgccvl41.jpg,1583856302.0,,1377,wallstreetbets
214,"Texas fifth-grader makes $3,200 off GameStop shares bought for $6 in 2019",Gain,16749,l7ifmk,https://nypost.com/2021/01/28/fifth-grader-makes-3200-off-gamestop-shares-bought-in-2019/,1611892445.0,,406,wallstreetbets
215,How do I face my family?,Loss,16747,im5mgq,https://www.reddit.com/r/wallstreetbets/comments/im5mgq/how_do_i_face_my_family/,1599178924.0,"About to head home form work and I really don't want to go home. I don't want my wife and kids to ask me if something's wrong because my wife always knows just  by looking at my face. I don't want to have to tell her.

I started this as a hobby of sorts. Just to make some extra cash and maybe have a little fun. I've done okay these past 2 months and bragged the other day about how I was becoming somewhat of a ""stock broker"", like the ones on Wall Street. There was a glint of awe and admiration in her eyes, a shine I hadn't seen in years.

Today I lost everything and I don't want to go home. Part of me wonders if they're better off without me. 

So I'm here asking for advice as someone who only a couple months ago stumbled on to your world. How do you deal with the loss and disappointment? How do you face your loved ones when they ask how things are going? In my case, my loss directly affects them because its $28 I could have used for groceries or something to benefit them.

How do you guys dealing with losing absolutely everything you put in? How do you rebuild? How?",1179,wallstreetbets
216,TSLA 1103% gain. Never selling,Gain,16676,ktr2op,https://i.redd.it/xxkvn9yl8ba61.jpg,1610199604.0,,1562,wallstreetbets
217,"Days ago, Robinhood had the potential to be a major brokerage and a top IPO. Now there's a significant chance they won't survive",News,16594,l93dum,https://www.reddit.com/r/wallstreetbets/comments/l93dum/days_ago_robinhood_had_the_potential_to_be_a/,1612063661.0,"Bringing **millions** of new agents into the market, disrupting the whole industry with commission-free trading, an intuitive UI that any ape like us can use, becoming the #1 downloaded app across most app stores...

Without Robinhood, this whole thing probably wouldn't have happened and WSB would likely be stuck at 100k subscribers like it was 3-4 years ago. Because lets face it, a hugee percent of WSB use(d) Robintard because we're too low-functioning to use brokerages that use >4 syllable phrases like ""money market fund"" or ""moving average""

Something like this happening right before going public was **GOLDEN** for them. All they had to do was not be a corrupt sellout bitch, keep their huge influx of new users happy, and they would've been set to come out of this a more respectable, even larger brokerage, as well as a high-value public company.

Instead they decided to expose the raw underbelly of their shitty business model and go exactly against their entire mission statement. Even if capital/margin requirements was the reason for the restrictions (it was definitely a factor but protip: it wasn't the full story), it doesn't change anything about the end result. Who the fuck wants to use a BROKErage who can't guarantee functionality during historical black swan events that usually result in the largest transfer of money? And then, **even if** they can't maintain capital requirements to execute trades, they could have handled it better. Just fucking pull the money from somewhere. Take out a huge loan from somebody ASAP. You can always get instant money if you don't give a fuck about interest rates, which they shouldn't because it's short-term and like I said, it would've been **HUGE** for the future of the company. Another one, they could have restricted both buying &amp;amp; selling of the trending tickers, or just go down altogether (RH users are very familiar with the app being down and losing full functionality, why is this time any different?). Yeah it would've sucked but at least it would've fucking stayed consistent with their mission statement of fair, democratic trading for all. I fuckin work at Wendy's and I can still imagine several better alternatives than the BS ""difficult solution"" they did.

And speaking of their mission statement, it's complete BS. It's just a sugarcoated way of saying ""lol we allow poor people to trade and have pretty colors"". They clearly don't give a shit about DeMoCrAtIzInG tRaDiNg FoR aLl. Because if they did, their business model wouldn't have been a Wall Street megacorp keeping the lights on by frontrunning user trade data.

And yeah another reason why ""volatiilty"" and ""trade volume"" excuses are BS is because they **increased** restrictions on Friday when both volume and volatility **decreased** lmfao. Screw this POS jokerage.

Edit: And the lawsuits up the ass. They just finished a $65m SEC settlement **LAST MONTH**, think their rainy day fund is big enough to handle something like this immediately after? Lmao gl


Edit: Tbh this fuckery was such a double win for Citadel because they get to force RH to manipulate the market while also signing their death note, which for Citadel means less retail investors....


#FUCK YOU ROBINTARD. YOU CAN'T STOP US FROM LIKING THE STOCKðŸš€ðŸš€ðŸš€ðŸš€ðŸš€ðŸš€",1465,wallstreetbets
218,THEY ARE SHUTTING US OUT,News,16286,l65uop,https://i.redd.it/08rc3yx30wd61.jpg,1611758534.0,,1334,wallstreetbets
219,"Dear Diary, I lost it all again",Loss,16227,i5nptk,https://v.redd.it/oibm9p3aqnf51,1596839719.0,,1398,wallstreetbets
220,"14k -> 159k -> 4$ , this is what happens when you never stop yoloing spy weeklies",Loss,16198,hxo91u,https://i.redd.it/ww5pb1nmr0d51.jpg,1595689839.0,,1088,wallstreetbets
221,Made 6 figures this year and asked my account how to avoid paying taxes. He said lose everything by 12/31. I'm 27 days ahead of schedule.,Loss,16079,k6zgl6,https://imgur.com/MgoNFiP,1607136125.0,,691,wallstreetbets
222,They said buy the dip,Gain,16063,gerkgx,https://i.redd.it/tto0dpwpc7x41.jpg,1588796004.0,,1254,wallstreetbets
223,Founder of Reddit tells Chamath Palihapitiya to buy $GME ðŸš€ðŸš€ðŸš€,News,15867,l5815u,https://twitter.com/alexisohanian/status/1353936352132222976?s=19,1611642396.0,,1834,wallstreetbets
224,Woke up a millionaire thanks to CRSR. Nice,Gain,15697,jwk8bh,https://i.redd.it/s5ciox9gb1061.jpg,1605721010.0,,1331,wallstreetbets
225,"THE CEO OF INTERACTIVE BROKERS JUST SAID LIVE ON CNBC THEY BANNED TRADING TO PROTECT THEMSELVES, MIDDLE MEN, AND BROKERS. He said nothing about AVERAGE, every day investors.",News,15653,l77wpb,https://twitter.com/akathebusiness/status/1354884073420800000?s=21,1611865946.0,,379,wallstreetbets
226,"THX TO WSB AND GME I CAN FINALLY GIVE BACK TO MY 70 YEARS OLD DAD, I WILL BE HELPING TO PAY FOR HIS NEW ROOF, HE WAS SO SCARED OF NOT BEING ABLE TO PAY. I LOVE YOU WSB. REALLY! WE ARE GOING TO THE MOON ðŸš€ðŸš€ðŸš€ðŸš€",Gain,15416,kwk28g,https://i.redd.it/393eb4kcn4b61.jpg,1610555660.0,,681,wallstreetbets
227,Let the people trade!!! Class action filed!ðŸ’Ž,News,15209,l74lli,https://i.redd.it/dd917vn0a4e61.png,1611858785.0,,177,wallstreetbets
228,"""2.3 million people as important or more important than Hedge fund"" CHAMATH IS WITH WSB.",News,15172,l69ef3,https://i.redd.it/eay4xxdprwd61.png,1611767820.0,,248,wallstreetbets
229,"There is someone selling a GameStop sign near me. Problem is he says no Holds, so Iâ€™m out!",News,15117,l8o1gy,https://i.redd.it/t5lel0irnhe61.jpg,1612020736.0,,555,wallstreetbets
230,One of us on CNBC. QuirkyMushroom you famous bro.,News,15046,l4zg6g,https://i.redd.it/7paf0hyd2kd61.jpg,1611614024.0,,745,wallstreetbets
231,I get butterflies when I see this,News,14963,l92put,https://i.redd.it/k8r0hbnz0le61.jpg,1612061506.0,,1012,wallstreetbets
232,The RH shutdown is only drawing more attention to the corrupt hedge funds â€” now politicians are calling for an investigation into market manipulation! HOLD THE LINE ðŸ’ŽðŸ‘‹ðŸš€ðŸš€ðŸš€,News,14917,l6z1c8,https://i.redd.it/67r7opk993e61.jpg,1611846367.0,,192,wallstreetbets
233,Ultimate Retard,Loss,14861,kmicip,https://i.redd.it/m2uv6pe4s5861.jpg,1609261831.0,,698,wallstreetbets
234,WSBgod vs THE MOUSE,Gain,14815,fksv4d,https://i.redd.it/qoqwvdj4pgn41.jpg,1584550740.0,,1037,wallstreetbets
235,Steve Cohen deleted his Twitter and now Mets fans are tweaking balls âœ‹ðŸ’Žâœ‹ HOLD,News,14780,l8o5g2,https://i.redd.it/0m1mzqqrohe61.jpg,1612021074.0,,463,wallstreetbets
236,However this ends.... We live in the greatest timeline!,News,14721,l7g6gi,https://i.redd.it/nrlle9gvj6e61.jpg,1611886251.0,,458,wallstreetbets
237,"Been a wild ride this year, converting 17,000 shares of Nio to 310 call contracts was such a good move",Gain,14679,k2dxzh,https://v.redd.it/8aokvhd2tv161,1606526038.0,,2067,wallstreetbets
238,I'm not fucking leaving... ðŸ’ªðŸš€,Loss,14638,l7v64h,https://i.redd.it/tl3zkuh2hae61.jpg,1611933734.0,,385,wallstreetbets
239,RASHIDA TLAIB SAYS THAT CONGRESS NEEDS TO HAVE A HEARING ON ROBINHOOD'S MARKET MANIPULATION,News,14598,l6zzr1,https://i.redd.it/jtdl95vwe3e61.png,1611848324.0,,356,wallstreetbets
240,This is a revolution,News,14570,l70epi,https://i.redd.it/5b54bihsh3e61.jpg,1611849229.0,,278,wallstreetbets
241,Someone said my 8k gain would be gone by the end of the month. I told him Iâ€™d earn 50k to prove him wrong. I did it. $300 to 68k in less than a month.,Gain,14524,l8q7yg,https://i.redd.it/umrb8rm35ie61.jpg,1612026573.0,,501,wallstreetbets
242,$10k -> $1k -> $70k -> $2k,Loss,14463,hx0nol,https://i.redd.it/chgv41ctqsc51.jpg,1595592713.0,,652,wallstreetbets
243,"Thanks PLTR and NIO, donating $500 to my local food bank for all the Covid unemployment.",Gain,14344,k16e40,https://i.redd.it/yfsupuzouh161.jpg,1606357139.0,,483,wallstreetbets
244,"If true, this would make a lot of sense about Robin Hood blocking some of your trades.",News,14128,l77ey9,https://i.redd.it/joawjp79s4e61.jpg,1611864856.0,,363,wallstreetbets
245,Iâ€™ve never scored above a 99% on anything before,Loss,14066,iveigc,https://i.redd.it/l17ugq8g0zn51.jpg,1600462921.0,,451,wallstreetbets
246,Gain and loss under 5 mins,Loss,13852,jy6zlb,https://i.redd.it/78kn0bzjsj061.jpg,1605944688.0,,667,wallstreetbets
247,"Sen. Warren give zero fucks about the hedge fund managers ""For years, the same hedge funds, private equity firms, and wealthy investors dismayed by the GameStop trades have treated the stock market like their own personal casino while everyone else pays the price,"" the Massachusetts Democrat said.",News,13840,l6gxkm,https://i.redd.it/r04qyqjrgyd61.jpg,1611788349.0,,407,wallstreetbets
248,I am so proud of this community,News,13806,l6xjzq,https://i.redd.it/frlb4j9jz2e61.png,1611843089.0,,385,wallstreetbets
